{
  "Total" : {
    "transaction" : "Total",
    "sampleCount" : 200,
    "errorCount" : 0,
    "errorPct" : 0.0,
    "meanResTime" : 19.835000000000008,
    "medianResTime" : 8.0,
    "minResTime" : 6.0,
    "maxResTime" : 349.0,
    "pct1ResTime" : 32.10000000000011,
    "pct2ResTime" : 42.89999999999998,
    "pct3ResTime" : 346.0,
    "throughput" : 210.3049421661409,
    "receivedKBytesPerSec" : 47.03108569926393,
    "sentKBytesPerSec" : 33.06552313354364
  },
  "DemoURL" : {
    "transaction" : "DemoURL",
    "sampleCount" : 200,
    "errorCount" : 0,
    "errorPct" : 0.0,
    "meanResTime" : 19.835000000000008,
    "medianResTime" : 8.0,
    "minResTime" : 6.0,
    "maxResTime" : 349.0,
    "pct1ResTime" : 32.10000000000011,
    "pct2ResTime" : 42.89999999999998,
    "pct3ResTime" : 346.0,
    "throughput" : 210.3049421661409,
    "receivedKBytesPerSec" : 47.03108569926393,
    "sentKBytesPerSec" : 33.06552313354364
  }
}