{
  "Total" : {
    "transaction" : "Total",
    "sampleCount" : 200,
    "errorCount" : 200,
    "errorPct" : 100.0,
    "meanResTime" : 157.15000000000012,
    "medianResTime" : 141.5,
    "minResTime" : 102.0,
    "maxResTime" : 1187.0,
    "pct1ResTime" : 178.0,
    "pct2ResTime" : 236.39999999999964,
    "pct3ResTime" : 490.99,
    "throughput" : 63.29113924050633,
    "receivedKBytesPerSec" : 3.9556962025316453,
    "sentKBytesPerSec" : 9.951048259493671
  },
  "DemoURL" : {
    "transaction" : "DemoURL",
    "sampleCount" : 200,
    "errorCount" : 200,
    "errorPct" : 100.0,
    "meanResTime" : 157.15000000000012,
    "medianResTime" : 141.5,
    "minResTime" : 102.0,
    "maxResTime" : 1187.0,
    "pct1ResTime" : 178.0,
    "pct2ResTime" : 236.39999999999964,
    "pct3ResTime" : 490.99,
    "throughput" : 63.29113924050633,
    "receivedKBytesPerSec" : 3.9556962025316453,
    "sentKBytesPerSec" : 9.951048259493671
  }
}