{
  "Total" : {
    "transaction" : "Total",
    "sampleCount" : 200,
    "errorCount" : 200,
    "errorPct" : 100.0,
    "meanResTime" : 152.05500000000006,
    "medianResTime" : 153.0,
    "minResTime" : 110.0,
    "maxResTime" : 538.0,
    "pct1ResTime" : 177.70000000000002,
    "pct2ResTime" : 203.69999999999993,
    "pct3ResTime" : 531.95,
    "throughput" : 87.95074758135445,
    "receivedKBytesPerSec" : 5.496921723834652,
    "sentKBytesPerSec" : 13.828193711521548
  },
  "DemoURL" : {
    "transaction" : "DemoURL",
    "sampleCount" : 200,
    "errorCount" : 200,
    "errorPct" : 100.0,
    "meanResTime" : 152.05500000000006,
    "medianResTime" : 153.0,
    "minResTime" : 110.0,
    "maxResTime" : 538.0,
    "pct1ResTime" : 177.70000000000002,
    "pct2ResTime" : 203.69999999999993,
    "pct3ResTime" : 531.95,
    "throughput" : 87.95074758135445,
    "receivedKBytesPerSec" : 5.496921723834652,
    "sentKBytesPerSec" : 13.828193711521548
  }
}