{
  "Total" : {
    "transaction" : "Total",
    "sampleCount" : 200,
    "errorCount" : 200,
    "errorPct" : 100.0,
    "meanResTime" : 162.91999999999996,
    "medianResTime" : 154.5,
    "minResTime" : 107.0,
    "maxResTime" : 552.0,
    "pct1ResTime" : 210.8,
    "pct2ResTime" : 249.84999999999974,
    "pct3ResTime" : 547.0,
    "throughput" : 85.98452278589853,
    "receivedKBytesPerSec" : 5.374032674118658,
    "sentKBytesPerSec" : 13.51905094582975
  },
  "DemoURL" : {
    "transaction" : "DemoURL",
    "sampleCount" : 200,
    "errorCount" : 200,
    "errorPct" : 100.0,
    "meanResTime" : 162.91999999999996,
    "medianResTime" : 154.5,
    "minResTime" : 107.0,
    "maxResTime" : 552.0,
    "pct1ResTime" : 210.8,
    "pct2ResTime" : 249.84999999999974,
    "pct3ResTime" : 547.0,
    "throughput" : 85.98452278589853,
    "receivedKBytesPerSec" : 5.374032674118658,
    "sentKBytesPerSec" : 13.51905094582975
  }
}