{
  "Total" : {
    "transaction" : "Total",
    "sampleCount" : 200,
    "errorCount" : 0,
    "errorPct" : 0.0,
    "meanResTime" : 68.90999999999998,
    "medianResTime" : 39.0,
    "minResTime" : 36.0,
    "maxResTime" : 598.0,
    "pct1ResTime" : 149.10000000000045,
    "pct2ResTime" : 271.7499999999995,
    "pct3ResTime" : 588.95,
    "throughput" : 146.7351430667645,
    "receivedKBytesPerSec" : 32.81479273661042,
    "sentKBytesPerSec" : 23.070662142333088
  },
  "DemoURL" : {
    "transaction" : "DemoURL",
    "sampleCount" : 200,
    "errorCount" : 0,
    "errorPct" : 0.0,
    "meanResTime" : 68.90999999999998,
    "medianResTime" : 39.0,
    "minResTime" : 36.0,
    "maxResTime" : 598.0,
    "pct1ResTime" : 149.10000000000045,
    "pct2ResTime" : 271.7499999999995,
    "pct3ResTime" : 588.95,
    "throughput" : 146.7351430667645,
    "receivedKBytesPerSec" : 32.81479273661042,
    "sentKBytesPerSec" : 23.070662142333088
  }
}