{
  "Total" : {
    "transaction" : "Total",
    "sampleCount" : 200,
    "errorCount" : 200,
    "errorPct" : 100.0,
    "meanResTime" : 53.98000000000002,
    "medianResTime" : 38.5,
    "minResTime" : 20.0,
    "maxResTime" : 319.0,
    "pct1ResTime" : 88.9,
    "pct2ResTime" : 113.49999999999989,
    "pct3ResTime" : 314.98,
    "throughput" : 169.06170752324599,
    "receivedKBytesPerSec" : 10.566356720202874,
    "sentKBytesPerSec" : 26.580991124260354
  },
  "DemoURL" : {
    "transaction" : "DemoURL",
    "sampleCount" : 200,
    "errorCount" : 200,
    "errorPct" : 100.0,
    "meanResTime" : 53.98000000000002,
    "medianResTime" : 38.5,
    "minResTime" : 20.0,
    "maxResTime" : 319.0,
    "pct1ResTime" : 88.9,
    "pct2ResTime" : 113.49999999999989,
    "pct3ResTime" : 314.98,
    "throughput" : 169.06170752324599,
    "receivedKBytesPerSec" : 10.566356720202874,
    "sentKBytesPerSec" : 26.580991124260354
  }
}