{
  "Total" : {
    "transaction" : "Total",
    "sampleCount" : 200,
    "errorCount" : 0,
    "errorPct" : 0.0,
    "meanResTime" : 60.27,
    "medianResTime" : 41.0,
    "minResTime" : 34.0,
    "maxResTime" : 483.0,
    "pct1ResTime" : 133.50000000000054,
    "pct2ResTime" : 176.84999999999997,
    "pct3ResTime" : 482.7700000000002,
    "throughput" : 150.4890895410083,
    "receivedKBytesPerSec" : 33.65429834462002,
    "sentKBytesPerSec" : 23.660882242287435
  },
  "DemoURL" : {
    "transaction" : "DemoURL",
    "sampleCount" : 200,
    "errorCount" : 0,
    "errorPct" : 0.0,
    "meanResTime" : 60.27,
    "medianResTime" : 41.0,
    "minResTime" : 34.0,
    "maxResTime" : 483.0,
    "pct1ResTime" : 133.50000000000054,
    "pct2ResTime" : 176.84999999999997,
    "pct3ResTime" : 482.7700000000002,
    "throughput" : 150.4890895410083,
    "receivedKBytesPerSec" : 33.65429834462002,
    "sentKBytesPerSec" : 23.660882242287435
  }
}