{
  "Total" : {
    "transaction" : "Total",
    "sampleCount" : 200,
    "errorCount" : 200,
    "errorPct" : 100.0,
    "meanResTime" : 213.1899999999999,
    "medianResTime" : 223.0,
    "minResTime" : 163.0,
    "maxResTime" : 470.0,
    "pct1ResTime" : 268.30000000000007,
    "pct2ResTime" : 286.84999999999997,
    "pct3ResTime" : 468.98,
    "throughput" : 70.44734061289186,
    "receivedKBytesPerSec" : 4.4029587883057415,
    "sentKBytesPerSec" : 11.07619320183163
  },
  "DemoURL" : {
    "transaction" : "DemoURL",
    "sampleCount" : 200,
    "errorCount" : 200,
    "errorPct" : 100.0,
    "meanResTime" : 213.1899999999999,
    "medianResTime" : 223.0,
    "minResTime" : 163.0,
    "maxResTime" : 470.0,
    "pct1ResTime" : 268.30000000000007,
    "pct2ResTime" : 286.84999999999997,
    "pct3ResTime" : 468.98,
    "throughput" : 70.44734061289186,
    "receivedKBytesPerSec" : 4.4029587883057415,
    "sentKBytesPerSec" : 11.07619320183163
  }
}